,,,,,,
,Keyword,Impressions,Clicks,CTR,Position,輸出到google slides
,滴雞精推薦,28500,3420,12.00%,1.8,TRUE
,滴雞精推薦ptt,15600,1248,8.00%,2.3,TRUE
,老協珍熬雞精,12400,1488,12.00%,1.5,TRUE
,滴雞精品牌,11200,896,8.00%,2.1,TRUE
,滴雞精哪裡買,9800,882,9.00%,2.4,TRUE
,滴雞精比較,8900,801,9.00%,2.2,TRUE
,娘家滴雞精,7800,624,8.00%,2.6,TRUE
,田原香滴雞精,7200,180,2.50%,45.8,TRUE
,滴雞精副作用,6800,170,2.50%,38.1,FALSE
,滴雞精功效,6500,162,2.50%,42.9,FALSE
,滴雞精價格,6200,496,8.00%,3.2,FALSE
,芳茲滴雞精,5800,145,2.50%,56.4,TRUE
,農純鄉滴雞精,5500,137,2.50%,63.3,FALSE
,滴雞精怎麼喝,5200,130,2.50%,75.5,FALSE
,享食尚滴雞精,4900,122,2.50%,82.6,FALSE
,純煉滴雞精,4600,115,2.50%,91.7,FALSE
,白蘭氏萃雞精,4300,107,2.50%,88.8,FALSE
,桂格滴雞精,4000,100,2.50%,79.9,FALSE
,雲嶺鮮雞滴雞精,3700,92,2.50%,84.1,FALSE
,滴雞精評比,3500,87,2.50%,72.2,FALSE
,滴雞精營養成分,3300,82,2.50%,68.3,FALSE
,滴雞精vs熬雞精,3100,77,2.50%,94.4,FALSE
,滴雞精ptt,2900,72,2.50%,85.5,FALSE
,滴雞精dcard,2700,67,2.50%,76.6,FALSE
,滴雞精推薦2024,2500,62,2.50%,67.7,FALSE
,滴雞精排名,2300,57,2.50%,58.8,FALSE
,滴雞精優缺點,2100,52,2.50%,49.9,FALSE
,滴雞精補充品,1900,47,2.50%,51.1,FALSE
,滴雞精食用方法,1700,42,2.50%,62.2,FALSE
,滴雞精飲用時間,1500,37,2.50%,73.3,FALSE
,滴雞精效果,1300,32,2.50%,84.4,FALSE
,滴雞精禁忌,1100,27,2.50%,95.5,FALSE
,滴雞精成分,900,22,2.50%,86.6,FALSE
,滴雞精真假,800,20,2.50%,77.7,
,滴雞精好處,700,17,2.50%,68.8,
,滴雞精選購,600,15,2.50%,59.9,
,滴雞精食安,500,12,2.50%,90,
,滴雞精認證,450,11,2.50%,81.1,
,滴雞精包裝,400,10,2.50%,72.2,
,滴雞精保存,350,8,2.50%,63.3,
,滴雞精品質,300,7,2.50%,54.4,
,滴雞精製程,250,6,2.50%,45.5,
,滴雞精原料,200,5,2.50%,36.6,
,滴雞精口感,180,4,2.50%,27.7,
,滴雞精檢驗,160,4,2.50%,18.8,
,滴雞精成分表,140,3,2.50%,29.9,
,滴雞精保存期限,120,3,2.50%,40,
,滴雞精製作過程,100,2,2.50%,51.1,
,滴雞精通路,80,2,2.50%,62.2,
,滴雞精購買方式,60,1,2.50%,73.3,